{
  "elapsed": 0.00016084500020951964,
  "out": {
    "status": "optimal",
    "x": [
      3.0,
      1.0,
      0.0,
      0.0,
      0.0,
      0.0
    ],
    "objective": 0.0,
    "iterations": 2,
    "rebuilds": 3,
    "B_idx": [
      0,
      1
    ]
  },
  "objective": 0.0,
  "residual": 0.0,
  "condB": 6.854101966249685
}